Member #,Name,Checked In,Door
M-00452,Carlos Ward,7/25/2026 5:43 AM,Main
00773,William Campbell,25-Jul-2026 07:38,Main
02561,Sharon Evans,07/25/26 14:49,Side
01975,Michelle Rodriguez,2026-07-25 15:16,Main
M-02470,Angela Lopez,25-Jul-2026 18:21,Main
M-00943,Steven Gray,2026-07-25 18:58,Main
M-02356,Betty Cox,7/25/2026 8:01 PM,Side
01666,Mary Miller,26-Jul-2026 06:05,Main
2517,Margaret Phillips,7/26/2026 7:45 AM,Main
M-02561,Sharon Evans,26-Jul-2026 08:02,Main
00452,Carlos Ward,07/26/26 08:24,Main
01513,Nicholas Howard,7/26/2026 2:40 PM,Main
506,Deborah Anderson,07/26/26 17:45,Main
M-00265,Andrew Lewis,2026-07-27 07:01,Main
M-00939,Matthew Clark,7/27/2026 7:26 AM,Main
01588,Angela Murphy,27-Jul-2026 08:03,Main
M-00271,Sarah Thomas,7/27/2026 9:05 AM,Side
M-00271,Sarah Thomas,7/27/2026 9:06 AM,Side
02561,Sharon Evans,07/27/26 12:37,Side
M-02471,Robert Myers,27-Jul-2026 17:18,Main
M-01034,Carlos Osei,07/27/26 18:04,Side
M-01933,Charles Haddad,07/27/26 18:24,Main
1446,Nicholas Sanchez,7/28/2026 6:09 AM,Main
01933,Charles Haddad,07/28/26 09:07,Side
02363,Kenneth Wright,7/28/2026 10:12 AM,Main
1308,Dmitri Johnson,7/28/2026 12:19 PM,Side
M-00221,Anna Campbell,2026-07-28 17:53,Side
M-00188,Stephanie Green,07/28/26 18:30,Main
M-01107,Laura Edwards,2026-07-28 20:40,Main
M-02356,Betty Cox,07/29/26 18:21,Main
M-00266,Jonathan Price,29-Jul-2026 19:56,Main
M-02239,Christopher Nguyen,2026-07-30 07:38,Main
1277,Brian Alvarez,30-Jul-2026 12:21,Main
M-00923,George Kim,07/31/26 05:21,Main
1481,Charles Kim,2026-07-31 06:22,Main
1481,Charles Kim,2026-07-31 06:25,Main
01816,Dmitri Green,7/31/2026 6:41 AM,Main
1308,Dmitri Johnson,2026-07-31 07:23,Main
1639,Christopher Miller,2026-07-31 07:58,Main
M-02002,Kathleen Gray,7/31/2026 8:21 AM,Main
M-02561,Sharon Evans,31-Jul-2026 11:34,Main
1933,Charles Haddad,07/31/26 14:59,Main
01651,Jacob Howard,31-Jul-2026 17:08,Main
M-00954,Kimberly Perez,01-Aug-2026 06:16,Main
M-00578,Susan Gonzalez,8/1/2026 7:26 AM,Main
M-00943,Steven Gray,08/01/26 08:03,Main
M-01277,Brian Alvarez,2026-08-01 08:13,Main
M-01816,Dmitri Green,8/1/2026 10:36 AM,Main
00266,Jonathan Price,2026-08-01 14:44,Main
M-01511,Christopher Perez,8/1/2026 5:10 PM,Main
M-02517,Margaret Phillips,8/1/2026 7:36 PM,Main
1891,NANCY COOK,8/2/2026 6:20 AM,Main
1891,NANCY COOK,8/2/2026 6:21 AM,Main
M-00364,Richard Jones,8/2/2026 7:07 AM,Main
M-00577,Stephanie Rodriguez,08/02/26 07:36,Main
M-00954,Kimberly Perez,8/2/2026 7:57 AM,Main
1975,Michelle Rodriguez,8/2/2026 9:14 AM,Main
138,Kwame Wood,08/02/26 09:42,Main
02521,Ashley Reed,08/02/26 10:15,Main
M-00265,Andrew Lewis,02-Aug-2026 11:25,Main
00713,Yuki Lee,2026-08-02 19:26,Side
00138,Kwame Wood,08/03/26 08:39,Main
M-00573,Melissa Scott,2026-08-03 09:44,Main
02363,Kenneth Wright,03-Aug-2026 17:45,Main
M-02517,Margaret Phillips,2026-08-04 12:17,Main
M-01588,Angela Murphy,8/4/2026 12:48 PM,Main
02335,Jonathan Davis,08/04/26 12:53,Main
02335,Jonathan Davis,08/04/26 12:55,Main
M-02363,Kenneth Wright,08/04/26 17:04,Main
M-01816,DMITRI GREEN,8/4/2026 5:29 PM,Main
773,William Campbell,08/04/26 17:41,Main
109,Mateo Gomez,08/05/26 05:32,Main
271,SARAH THOMAS,2026-08-05 07:19,Main
506,Deborah Anderson,2026-08-05 07:31,Main
452,Carlos Ward,8/5/2026 9:36 AM,Main
02596,Mateo Scott,05-Aug-2026 12:06,Main
00773,William Campbell,8/5/2026 4:06 PM,Main
713,Yuki Lee,05-Aug-2026 18:58,Main
02577,Christopher Mitchell,06-Aug-2026 05:06,Side
1815,Laura Ramirez,06-Aug-2026 05:27,Main
M-00506,Deborah Anderson,08/06/26 06:49,Main
M-01308,Dmitri Johnson,2026-08-06 21:32,Main
01627,Betty Gomez,08/07/26 06:11,Main
02002,Kathleen Gray,08/07/26 07:25,Main
138,KWAME WOOD,07-Aug-2026 11:57,Main
M-01588,Angela Murphy,8/7/2026 12:57 PM,Main
M-01533,Steven Rivera,8/7/2026 4:53 PM,Side
M-02363,Kenneth Wright,08/07/26 17:17,Main
M-02577,Christopher Mitchell,2026-08-07 19:40,Main
M-01933,Charles Haddad,2026-08-07 20:11,Main
763,Kenneth Ramos,8/7/2026 9:03 PM,Main
M-01666,Mary Miller,2026-08-08 06:21,Main
M-02471,Robert Myers,08-Aug-2026 06:21,Main
M-00622,Matthew Ramos,8/8/2026 3:44 PM,Main
M-00506,Deborah Anderson,2026-08-08 16:11,Main
138,Kwame Wood,08/08/26 18:40,Main
M-00266,Jonathan Price,8/9/2026 9:15 AM,Main
01107,Laura Edwards,8/9/2026 12:42 PM,Main
M-01868,REBECCA LEE,8/9/2026 2:34 PM,Main
M-00713,Yuki Lee,8/9/2026 4:23 PM,Main
M-00265,Andrew Lewis,09-Aug-2026 17:47,Main
M-01312,Dorothy Kelly,2026-08-09 17:50,Main
M-00578,Susan Gonzalez,08/09/26 18:59,Main
02078,Shirley Ramos,8/9/2026 8:47 PM,Main
M-01277,Brian Alvarez,8/10/2026 8:47 AM,Main
M-00773,WILLIAM CAMPBELL,8/10/2026 12:00 PM,Main
M-00266,Jonathan Price,2026-08-10 15:59,Side
M-01535,Nancy Sanchez,8/10/2026 4:49 PM,Side
M-01535,Nancy Sanchez,8/10/2026 4:52 PM,Side
02470,Angela Lopez,2026-08-10 18:16,Main
M-00578,Susan Gonzalez,08/10/26 18:29,Main
M-00578,Susan Gonzalez,08/10/26 18:30,Main
M-00138,KWAME WOOD,08/10/26 19:00,Main
M-02517,Margaret Phillips,8/11/2026 7:23 AM,Side
M-01312,Dorothy Kelly,8/11/2026 3:12 PM,Main
M-00449,Kwame Hernandez,08/11/26 17:05,Main
M-01535,NANCY SANCHEZ,8/11/2026 8:33 PM,Main
506,DEBORAH ANDERSON,8/12/2026 5:07 AM,Main
M-01816,Dmitri Green,2026-08-12 06:53,Main
1470,Michelle Gutierrez,2026-08-12 07:10,Main
1933,Charles Haddad,12-Aug-2026 07:17,Main
02561,Sharon Evans,08/12/26 15:30,Main
763,Kenneth Ramos,12-Aug-2026 16:07,Main
00773,William Campbell,2026-08-13 07:47,Main
M-02356,Betty Cox,08/13/26 08:24,Main
M-00797,MICHELLE WRIGHT,13-Aug-2026 09:05,Main
M-01346,Mary Parker,08/13/26 11:57,Main
M-02239,Christopher Nguyen,2026-08-13 13:11,Side
M-00109,Mateo Gomez,13-Aug-2026 14:39,Main
364,Richard Jones,2026-08-13 17:54,Main
M-01470,Michelle Gutierrez,2026-08-13 18:09,Main
M-00899,Tomasz Gomez,13-Aug-2026 19:12,Side
M-00266,Jonathan Price,8/13/2026 7:55 PM,Main
M-01817,Melissa Nelson,2026-08-14 06:01,Main
02470,Angela Lopez,08/14/26 17:56,Side
M-00578,Susan Gonzalez,08/15/26 07:17,Main
M-00271,SARAH THOMAS,2026-08-15 09:55,Main
M-01975,Michelle Rodriguez,08/15/26 10:20,Main
1817,Melissa Nelson,15-Aug-2026 11:01,Side
00506,Deborah Anderson,08/15/26 12:47,Main
00506,Deborah Anderson,08/15/26 12:49,Main
M-02078,Shirley Ramos,2026-08-15 13:37,Main
M-01107,Laura Edwards,8/15/2026 5:52 PM,Side
M-00692,Kathleen Cox,2026-08-15 21:38,Main
763,Kenneth Ramos,16-Aug-2026 06:12,Main
1870,Tomasz Campbell,16-Aug-2026 06:43,Main
1816,Dmitri Green,2026-08-16 07:02,Main
01034,Carlos Osei,08/16/26 07:35,Main
M-01312,Dorothy Kelly,16-Aug-2026 08:55,Main
797,Michelle Wright,08/16/26 09:03,Main
00622,Matthew Ramos,8/16/2026 12:19 PM,Main
01570,Sofia Wilson,16-Aug-2026 12:35,Main
M-00271,Sarah Thomas,16-Aug-2026 21:06,Main
1196,Jennifer Lopez,8/17/2026 7:06 AM,Side
M-02002,Kathleen Gray,8/17/2026 7:18 AM,Main
221,Anna Campbell,8/17/2026 10:53 AM,Main
M-01533,Steven Rivera,2026-08-17 18:21,Side
00578,Susan Gonzalez,8/18/2026 6:24 AM,Main
M-02356,Betty Cox,08/18/26 08:51,Side
M-01111,Anthony Foster,08/18/26 09:07,Main
M-00265,Andrew Lewis,2026-08-18 17:17,Main
943,Steven Gray,18-Aug-2026 19:20,Main
1277,Brian Alvarez,2026-08-19 10:09,Main
M-01297,Martin Whitfield,8/19/2026 2:44 PM,Main
M-00273,Barbara Hernandez,8/19/2026 4:08 PM,Side
896,Kevin Ward,8/20/2026 6:10 AM,Side
M-01457,Donald Peterson,8/20/2026 8:10 AM,Main
01470,Michelle Gutierrez,8/20/2026 10:37 AM,Side
1816,DMITRI GREEN,08/20/26 16:05,Main
M-01891,Nancy Cook,20-Aug-2026 17:16,Side
M-02470,Angela Lopez,2026-08-20 18:34,Main
M-02470,Angela Lopez,2026-08-20 18:35,Main
M-01588,Angela Murphy,08/20/26 19:00,Main
M-02211,Margaret Torres,2026-08-20 19:43,Main
M-02211,Margaret Torres,2026-08-20 19:45,Main
M-00266,Jonathan Price,21-Aug-2026 05:19,Main
01277,Brian Alvarez,21-Aug-2026 07:41,Main
M-02211,Margaret Torres,8/21/2026 8:35 AM,Main
M-00924,Kenneth Hall,21-Aug-2026 16:17,Main
M-02588,Michael Walker,08/21/26 17:15,Main
M-02588,Michael Walker,08/21/26 17:17,Main
M-00875,Rebecca Morales,22-Aug-2026 07:34,Main
M-00749,William Davis,8/22/2026 7:45 AM,Main
M-00452,CARLOS WARD,22-Aug-2026 18:33,Main
M-00713,Yuki Lee,22-Aug-2026 19:07,Main
M-00943,STEVEN GRAY,8/22/2026 8:35 PM,Side
02517,Margaret Phillips,22-Aug-2026 20:45,Main
1933,Charles Haddad,23-Aug-2026 09:11,Main
M-00221,Anna Campbell,2026-08-23 19:36,Main
M-00506,Deborah Anderson,24-Aug-2026 10:22,Main
M-00577,Stephanie Rodriguez,24-Aug-2026 18:55,Side
578,Susan Gonzalez,8/24/2026 8:48 PM,Side
138,Kwame Wood,25-Aug-2026 07:13,Main
01467,Michael Reed,25-Aug-2026 07:23,Main
M-00773,William Campbell,25-Aug-2026 08:50,Main
M-00657,Andrew Okafor,08/25/26 10:44,Side
01533,STEVEN RIVERA,2026-08-25 11:09,Main
M-00622,Matthew Ramos,08/25/26 15:48,Side
M-00622,Matthew Ramos,08/25/26 15:50,Side
1535,Nancy Sanchez,08/25/26 16:52,Main
2363,KENNETH WRIGHT,8/25/2026 5:02 PM,Main
01675,Stephanie Ortiz,8/25/2026 5:34 PM,Side
749,William Davis,25-Aug-2026 19:51,Side
00179,Jacob Patel,8/26/2026 1:36 PM,Main
01666,Mary Miller,2026-08-26 13:48,Side
2356,Betty Cox,2026-08-26 17:15,Side
M-01196,JENNIFER LOPEZ,26-Aug-2026 17:21,Main
M-01481,Charles Kim,08/26/26 17:53,Main
M-02002,Kathleen Gray,8/26/2026 6:41 PM,Side
657,Andrew Okafor,8/26/2026 8:46 PM,Side
01470,Michelle Gutierrez,8/27/2026 7:07 AM,Side
01666,MARY MILLER,08/27/26 08:01,Main
00577,STEPHANIE RODRIGUEZ,2026-08-27 12:25,Side
M-00179,Jacob Patel,8/27/2026 6:45 PM,Main
M-02002,Kathleen Gray,28-Aug-2026 06:51,Side
M-02596,MATEO SCOTT,8/28/2026 2:28 PM,Main
M-00749,William Davis,08/28/26 16:03,Main
M-01470,Michelle Gutierrez,28-Aug-2026 16:27,Main
1308,DMITRI JOHNSON,08/28/26 18:45,Main
1815,Laura Ramirez,08/28/26 18:49,Main
188,Stephanie Green,08/29/26 17:47,Side
506,Deborah Anderson,8/29/2026 7:08 PM,Main
01891,Nancy Cook,2026-08-29 20:18,Main
M-00221,Anna Campbell,30-Aug-2026 06:18,Side
M-01312,Dorothy Kelly,30-Aug-2026 07:04,Main
01891,Nancy Cook,8/30/2026 9:25 AM,Main
M-00506,Deborah Anderson,30-Aug-2026 12:10,Main
M-00506,Deborah Anderson,30-Aug-2026 12:13,Main
M-00763,Kenneth Ramos,2026-08-30 13:15,Main
00452,Carlos Ward,30-Aug-2026 15:28,Side
M-02239,CHRISTOPHER NGUYEN,30-Aug-2026 19:23,Side
M-01470,Michelle Gutierrez,2026-08-30 19:44,Main
M-02596,Mateo Scott,8/30/2026 7:54 PM,Side
00506,Deborah Anderson,2026-08-31 07:21,Main
M-02470,Angela Lopez,08/31/26 07:56,Side
M-02588,Michael Walker,8/31/2026 3:30 PM,Main
00692,Kathleen Cox,31-Aug-2026 16:00,Main
M-00452,Carlos Ward,8/31/2026 5:25 PM,Main
